crop,rainfall,yield_category
jute,2051.4,High
maize,2051.4,Low
rice,2051.4,Medium
rice,2051.4,Medium
rice,2051.4,Medium
maize,1266.7,High
maize,1266.7,High
maize,1266.7,High
rice,1266.7,High
rice,1266.7,High
rice,1266.7,High
banana,3818.2,High
jute,3818.2,High
maize,3818.2,Medium
rice,3818.2,Medium
jute,1852.9,High
maize,1852.9,High
rice,1852.9,High
rice,1852.9,High
rice,1852.9,High
rice,1434.5875,High
rice,1434.5875,High
rice,1434.5875,High
banana,2354.4,High
jute,2354.4,High
maize,2354.4,Low
rice,2354.4,Medium
rice,2354.4,High
rice,2354.4,Medium
banana,2964.9,High
rice,2964.9,High
rice,2964.9,High
maize,1260.8,High
maize,1260.8,High
maize,1260.8,High
rice,1260.8,High
rice,1260.8,High
rice,1260.8,High
banana,3151.5,High
rice,3151.5,High
rice,3151.5,High
rice,3151.5,High
banana,6552.7,High
jute,6552.7,High
maize,6552.7,Medium
rice,6552.7,Medium
jute,2152.5,High
maize,2152.5,High
rice,2152.5,High
rice,2152.5,High
rice,2152.5,High
banana,2201.8,High
jute,2201.8,High
maize,2201.8,Low
rice,2201.8,Medium
rice,2201.8,High
rice,2201.8,Medium
banana,3879.3,High
rice,3879.3,High
rice,3879.3,High
banana,2914.6,High
rice,2914.6,High
rice,2914.6,High
rice,2914.6,High
banana,6200.3,High
jute,6200.3,High
maize,6200.3,Medium
rice,6200.3,Medium
rice,6200.3,High
banana,1434.5875,High
rice,1434.5875,High
jute,2318.1,High
maize,2318.1,High
rice,2318.1,High
rice,2318.1,High
rice,2318.1,High
banana,935.6,High
maize,935.6,High
maize,935.6,High
rice,935.6,High
rice,935.6,High
banana,1965.5,High
jute,1965.5,High
maize,1965.5,Low
rice,1965.5,Medium
rice,1965.5,High
rice,1965.5,Medium
banana,3886.9,High
rice,3886.9,High
rice,3886.9,High
banana,1213.3,High
maize,1213.3,High
maize,1213.3,High
maize,1213.3,High
rice,1213.3,High
rice,1213.3,High
rice,1213.3,High
banana,2412.6,High
rice,2412.6,High
rice,2412.6,High
rice,2412.6,High
banana,6258.8,High
jute,6258.8,High
maize,6258.8,Medium
rice,6258.8,High
rice,6258.8,High
banana,1434.5875,High
rice,1434.5875,High
jute,1907.7,High
maize,1907.7,High
rice,1907.7,Medium
rice,1907.7,High
rice,1907.7,High
banana,928.4,High
maize,928.4,High
maize,928.4,High
rice,928.4,High
rice,928.4,High
banana,1824.7,High
jute,1824.7,High
maize,1824.7,Low
rice,1824.7,Medium
rice,1824.7,High
rice,1824.7,Medium
banana,2530.6,High
rice,2530.6,High
rice,2530.6,High
maize,1002.9,High
maize,1002.9,High
maize,1002.9,High
rice,1002.9,High
rice,1002.9,High
rice,1002.9,High
banana,2946.7,High
rice,2946.7,High
rice,2946.7,High
rice,2946.7,High
jute,4241.0,High
maize,4241.0,Medium
rice,4241.0,High
banana,1434.5875,High
rice,1434.5875,High
jute,1556.6,High
maize,1556.6,High
rice,1556.6,High
rice,1556.6,High
rice,1556.6,High
banana,648.1,High
maize,648.1,Medium
maize,648.1,High
rice,648.1,High
rice,648.1,High
banana,1973.6,High
jute,1973.6,High
maize,1973.6,Low
rice,1973.6,Medium
rice,1973.6,High
rice,1973.6,Medium
banana,2516.3,High
rice,2516.3,High
rice,2516.3,High
banana,2511.2,High
rice,2511.2,High
rice,2511.2,High
rice,2511.2,High
banana,315.9,High
maize,315.9,High
rice,315.9,High
jute,1629.1,High
maize,1629.1,High
rice,1629.1,High
rice,1629.1,High
rice,1629.1,High
banana,826.0,High
maize,826.0,High
maize,826.0,High
rice,826.0,High
rice,826.0,High
banana,2213.7,High
jute,2213.7,High
maize,2213.7,Low
rice,2213.7,Medium
rice,2213.7,Medium
rice,2213.7,Medium
banana,3011.6,High
rice,3011.6,High
rice,3011.6,High
banana,867.6,High
maize,867.6,High
maize,867.6,High
maize,867.6,High
rice,867.6,High
rice,867.6,High
rice,867.6,High
banana,2386.0,High
rice,2386.0,High
rice,2386.0,High
rice,2386.0,High
banana,3321.3,High
jute,3321.3,High
maize,3321.3,Medium
rice,3321.3,High
banana,1434.5875,High
rice,1434.5875,High
banana,345.6,High
maize,345.6,High
rice,345.6,High
jute,1526.7,High
maize,1526.7,High
rice,1526.7,High
rice,1526.7,High
rice,1526.7,High
banana,1117.7,High
maize,1117.7,High
maize,1117.7,High
maize,1117.7,High
rice,1117.7,High
rice,1117.7,High
rice,1117.7,High
banana,2880.2,High
rice,2880.2,High
rice,2880.2,High
rice,2880.2,High
banana,4767.9,High
jute,4767.9,High
maize,4767.9,Medium
rice,4767.9,Medium
rice,4767.9,High
rice,4767.9,High
banana,1034.0,High
maize,1034.0,High
rice,1034.0,High
banana,1075.5,High
maize,1075.5,High
maize,1075.5,High
rice,1075.5,High
rice,1075.5,High
banana,2184.6,High
jute,2184.6,High
maize,2184.6,Low
rice,2184.6,Medium
rice,2184.6,Medium
rice,2184.6,Medium
banana,1316.2,High
maize,1316.2,High
maize,1316.2,High
maize,1316.2,High
rice,1316.2,High
rice,1316.2,High
rice,1316.2,High
banana,3030.9,High
rice,3030.9,High
rice,3030.9,High
rice,3030.9,High
banana,3374.4,High
jute,3374.4,High
maize,3374.4,Medium
rice,3374.4,Medium
rice,3374.4,High
rice,3374.4,High
banana,1364.1,High
maize,1364.1,Low
rice,1364.1,High
jute,1650.1,High
maize,1650.1,High
rice,1650.1,High
rice,1650.1,High
rice,1650.1,High
banana,1434.5875,High
rice,1434.5875,High
rice,1434.5875,High
rice,1434.5875,High
banana,2454.7,High
jute,2454.7,High
maize,2454.7,Medium
rice,2454.7,Medium
rice,2454.7,High
rice,2454.7,High
banana,845.2,High
maize,845.2,High
maize,845.2,High
rice,845.2,High
rice,845.2,High
banana,1774.9,High
jute,1774.9,High
maize,1774.9,Low
rice,1774.9,Medium
rice,1774.9,High
rice,1774.9,Medium
banana,1146.3,High
maize,1146.3,High
maize,1146.3,High
maize,1146.3,High
rice,1146.3,High
rice,1146.3,High
rice,1146.3,High
banana,3429.7,High
rice,3429.7,High
rice,3429.7,High
rice,3429.7,High
banana,927.9,High
maize,927.9,High
rice,927.9,High
jute,1631.4,High
maize,1631.4,High
rice,1631.4,High
rice,1631.4,High
rice,1631.4,High
banana,1434.5875,High
rice,1434.5875,High
rice,1434.5875,High
rice,1434.5875,High
banana,2154.1,High
jute,2154.1,High
maize,2154.1,Low
rice,2154.1,Medium
rice,2154.1,High
rice,2154.1,Medium
banana,1323.3,High
maize,1323.3,High
maize,1323.3,High
maize,1323.3,High
rice,1323.3,High
rice,1323.3,High
rice,1323.3,High
banana,3489.6,High
rice,3489.6,High
rice,3489.6,High
rice,3489.6,High
banana,1067.2,High
maize,1067.2,High
rice,1067.2,High
jute,2007.5,High
maize,2007.5,High
maize,2007.5,High
maize,2007.5,High
rice,2007.5,High
rice,2007.5,High
rice,2007.5,High
banana,1434.5875,High
rice,1434.5875,High
rice,1434.5875,High
rice,1434.5875,High
banana,944.6,High
maize,944.6,High
maize,944.6,High
rice,944.6,High
rice,944.6,High
banana,2109.9,High
jute,2109.9,High
maize,2109.9,Low
rice,2109.9,Medium
rice,2109.9,High
rice,2109.9,Medium
banana,1164.1,High
maize,1164.1,High
maize,1164.1,High
maize,1164.1,High
rice,1164.1,High
rice,1164.1,High
rice,1164.1,High
banana,2524.8,High
rice,2524.8,High
rice,2524.8,High
rice,2524.8,High
banana,3114.3,High
jute,3114.3,High
maize,3114.3,Medium
rice,3114.3,Medium
rice,3114.3,High
rice,3114.3,High
banana,1201.9,High
maize,1201.9,High
rice,1201.9,High
jute,1560.1,High
maize,1560.1,High
maize,1560.1,High
maize,1560.1,High
rice,1560.1,High
rice,1560.1,High
rice,1560.1,High
banana,1434.5875,High
rice,1434.5875,High
rice,1434.5875,High
rice,1434.5875,High
banana,711.0,High
maize,711.0,High
maize,711.0,High
rice,711.0,High
rice,711.0,High
banana,1727.1,High
jute,1727.1,High
maize,1727.1,Low
rice,1727.1,Medium
rice,1727.1,High
rice,1727.1,High
banana,1321.0,High
maize,1321.0,High
maize,1321.0,High
maize,1321.0,High
rice,1321.0,High
rice,1321.0,High
rice,1321.0,High
banana,2821.5,High
rice,2821.5,High
rice,2821.5,High
rice,2821.5,High
banana,2995.9,High
jute,2995.9,High
maize,2995.9,Medium
rice,2995.9,Medium
rice,2995.9,High
rice,2995.9,High
banana,928.5,High
maize,928.5,High
rice,928.5,High
banana,1434.5875,High
rice,1434.5875,High
rice,1434.5875,High
rice,1434.5875,High
banana,2578.5,High
jute,2578.5,High
maize,2578.5,Low
rice,2578.5,Medium
rice,2578.5,High
rice,2578.5,High
banana,1297.0,High
maize,1297.0,High
maize,1297.0,High
rice,1297.0,High
rice,1297.0,High
banana,1317.7,High
maize,1317.7,High
maize,1317.7,High
maize,1317.7,High
rice,1317.7,High
rice,1317.7,High
rice,1317.7,High
banana,3131.8,High
rice,3131.8,High
rice,3131.8,High
rice,3131.8,High
banana,3119.7,High
jute,3119.7,High
maize,3119.7,Medium
rice,3119.7,Medium
rice,3119.7,High
rice,3119.7,High
banana,1434.5875,High
rice,1434.5875,High
rice,1434.5875,High
rice,1434.5875,High
banana,1743.4,High
jute,1743.4,High
maize,1743.4,Low
rice,1743.4,Medium
rice,1743.4,High
rice,1743.4,High
banana,861.9,High
maize,861.9,High
maize,861.9,High
rice,861.9,High
rice,861.9,High
banana,1178.986364,High
maize,1178.986364,High
maize,1178.986364,High
maize,1178.986364,High
rice,1178.986364,High
rice,1178.986364,High
rice,1178.986364,High
banana,3035.1,High
rice,3035.1,High
rice,3035.1,High
rice,3035.1,High
banana,4083.104545,High
jute,4083.104545,High
maize,4083.104545,Medium
rice,4083.104545,Medium
rice,4083.104545,High
rice,4083.104545,High
banana,926.5,High
jute,926.5,Low
maize,926.5,High
maize,926.5,High
rice,926.5,High
maize,968.7,High
maize,968.7,High
rice,968.7,High
rice,968.7,High
banana,2167.5,High
jute,2167.5,High
maize,2167.5,Medium
rice,2167.5,Medium
rice,2167.5,High
rice,2167.5,High
maize,956.2,High
maize,956.2,High
maize,956.2,High
rice,956.2,High
rice,956.2,High
rice,956.2,High
banana,2187.6,High
maize,2187.6,Low
rice,2187.6,High
rice,2187.6,High
rice,2187.6,High
banana,2945.3,High
jute,2945.3,High
maize,2945.3,High
rice,2945.3,High
rice,2945.3,High
rice,2945.3,High
banana,1062.3,High
maize,1062.3,High
maize,1062.3,High
rice,1062.3,High
rice,1062.3,High
banana,1797.7,High
jute,1797.7,High
maize,1797.7,High
rice,1797.7,Medium
rice,1797.7,High
rice,1797.7,High
banana,3642.6,High
rice,3642.6,High
rice,3642.6,High
maize,1235.6,High
maize,1235.6,High
maize,1235.6,High
rice,1235.6,High
rice,1235.6,High
rice,1235.6,High
banana,3255.4,High
maize,3255.4,Medium
rice,3255.4,High
rice,3255.4,High
rice,3255.4,High
banana,2448.4,High
jute,2448.4,High
maize,2448.4,High
rice,2448.4,High
rice,2448.4,High
rice,2448.4,High
banana,740.9,High
maize,740.9,High
maize,740.9,High
rice,740.9,High
banana,687.6,High
maize,687.6,High
maize,687.6,High
rice,687.6,High
rice,687.6,High
banana,1899.0,High
jute,1899.0,High
maize,1899.0,High
rice,1899.0,Medium
rice,1899.0,High
rice,1899.0,High
banana,3491.2,High
rice,3491.2,High
rice,3491.2,High
maize,1238.5,High
maize,1238.5,High
maize,1238.5,High
rice,1238.5,High
rice,1238.5,High
rice,1238.5,High
banana,3046.4,High
maize,3046.4,Medium
rice,3046.4,High
rice,3046.4,High
rice,3046.4,High
banana,3484.4,High
jute,3484.4,High
maize,3484.4,High
rice,3484.4,High
rice,3484.4,High
rice,3484.4,High
banana,911.3,High
maize,911.3,High
maize,911.3,High
rice,911.3,High
banana,940.7,High
maize,940.7,High
maize,940.7,High
rice,940.7,High
rice,940.7,High
banana,1980.6,High
rice,1980.6,High
rice,1980.6,High
rice,1980.6,High
banana,2155.3,High
jute,2155.3,High
maize,2155.3,High
rice,2155.3,Medium
rice,2155.3,High
rice,2155.3,High
banana,3870.8,High
jute,3870.8,High
maize,3870.8,High
rice,3870.8,High
rice,3870.8,High
rice,3870.8,High
banana,2587.1,High
rice,2587.1,High
rice,2587.1,High
maize,1024.9,High
maize,1024.9,High
maize,1024.9,High
rice,1024.9,High
rice,1024.9,High
rice,1024.9,High
banana,2602.9,High
maize,2602.9,High
rice,2602.9,High
rice,2602.9,High
rice,2602.9,High
banana,1201.9,High
maize,1201.9,High
maize,1201.9,High
rice,1201.9,High
banana,890.0,High
maize,890.0,High
maize,890.0,High
rice,890.0,High
rice,890.0,High
banana,1391.3,High
rice,1391.3,High
rice,1391.3,High
rice,1391.3,High
banana,2296.8,High
jute,2296.8,High
maize,2296.8,High
rice,2296.8,Medium
rice,2296.8,High
rice,2296.8,High
banana,3837.1,High
jute,3837.1,High
maize,3837.1,High
rice,3837.1,High
rice,3837.1,High
rice,3837.1,High
banana,3266.9,High
rice,3266.9,High
rice,3266.9,High
maize,1147.2,High
maize,1147.2,High
maize,1147.2,High
rice,1147.2,High
rice,1147.2,High
rice,1147.2,High
banana,2924.3,High
maize,2924.3,High
rice,2924.3,High
rice,2924.3,High
rice,2924.3,High
banana,912.4,High
maize,912.4,High
maize,912.4,Medium
rice,912.4,High
banana,868.2,High
maize,868.2,High
maize,868.2,High
rice,868.2,High
rice,868.2,High
banana,1582.4,High
rice,1582.4,High
rice,1582.4,High
rice,1582.4,High
banana,2098.563636,High
jute,2098.563636,High
maize,2098.563636,High
rice,2098.563636,Medium
rice,2098.563636,High
rice,2098.563636,High
banana,4472.3,High
jute,4472.3,High
maize,4472.3,High
rice,4472.3,High
rice,4472.3,High
rice,4472.3,High
banana,2772.5,High
rice,2772.5,High
rice,2772.5,High
maize,1111.7,High
maize,1111.7,High
maize,1111.7,High
rice,1111.7,High
rice,1111.7,High
rice,1111.7,High
banana,2664.8,High
maize,2664.8,Medium
rice,2664.8,High
rice,2664.8,High
rice,2664.8,High
banana,970.9,High
maize,970.9,High
maize,970.9,High
rice,970.9,High
rice,970.9,High
rice,970.9,High
banana,1220.5,High
maize,1220.5,High
maize,1220.5,High
rice,1220.5,High
rice,1220.5,High
banana,1693.9,High
rice,1693.9,High
rice,1693.9,High
rice,1693.9,High
banana,2372.9,High
jute,2372.9,High
maize,2372.9,High
rice,2372.9,Medium
rice,2372.9,High
rice,2372.9,High
banana,5649.1,High
jute,5649.1,High
maize,5649.1,High
rice,5649.1,High
rice,5649.1,High
rice,5649.1,High
banana,4406.0,High
rice,4406.0,High
rice,4406.0,High
maize,1419.1,High
maize,1419.1,High
maize,1419.1,High
rice,1419.1,High
rice,1419.1,High
rice,1419.1,High
banana,2989.7,High
maize,2989.7,High
rice,2989.7,Medium
rice,2989.7,High
rice,2989.7,High
banana,986.2,High
maize,986.2,High
maize,986.2,High
rice,986.2,High
rice,986.2,High
rice,986.2,High
banana,899.2,High
maize,899.2,High
maize,899.2,High
rice,899.2,High
rice,899.2,High
banana,1317.0,High
rice,1317.0,High
rice,1317.0,High
rice,1317.0,High
banana,2084.7,High
jute,2084.7,High
maize,2084.7,High
rice,2084.7,Medium
rice,2084.7,High
rice,2084.7,High
banana,3844.4,High
jute,3844.4,High
maize,3844.4,High
rice,3844.4,High
rice,3844.4,High
rice,3844.4,High
banana,4489.5,High
rice,4489.5,High
rice,4489.5,High
maize,1422.3,High
maize,1422.3,High
maize,1422.3,High
rice,1422.3,High
rice,1422.3,High
rice,1422.3,High
banana,3119.2,High
maize,3119.2,High
rice,3119.2,High
rice,3119.2,High
rice,3119.2,High
banana,910.1,High
maize,910.1,High
maize,910.1,High
rice,910.1,High
rice,910.1,High
rice,910.1,High
jute,1496.6,Medium
maize,1496.6,Medium
maize,1496.6,Medium
maize,1496.6,Medium
maize,927.5,High
maize,927.5,High
rice,927.5,High
rice,927.5,High
banana,1303.7,High
jute,1303.7,High
maize,1303.7,Medium
maize,1303.7,High
maize,1303.7,High
rice,1303.7,Medium
rice,1303.7,High
rice,1303.7,Medium
banana,798.9,High
maize,798.9,High
rice,798.9,High
maize,1189.1,Medium
maize,1156.1,High
maize,1156.1,Medium
maize,1156.1,Medium
maize,1156.1,Medium
rice,1156.1,High
rice,1156.1,High
maize,2644.2,High
maize,2644.2,High
rice,2644.2,Medium
maize,690.1,High
rice,690.1,High
maize,473.9,Medium
maize,473.9,Medium
rice,473.9,High
rice,473.9,High
maize,1048.3,High
maize,1048.3,High
rice,1048.3,High
rice,1048.3,High
banana,1332.5,High
jute,1332.5,High
maize,1332.5,Medium
maize,1332.5,High
maize,1332.5,High
rice,1332.5,High
rice,1332.5,Medium
banana,775.6,High
maize,775.6,Medium
rice,775.6,High
maize,687.6,Medium
rice,687.6,High
maize,1381.6,High
rice,1381.6,Medium
maize,962.7,Medium
rice,962.7,Low
maize,1314.8,High
maize,1314.8,Medium
maize,1314.8,Medium
rice,1314.8,Medium
rice,1314.8,High
maize,588.6,High
rice,588.6,High
banana,1077.1,High
maize,1077.1,Medium
rice,1077.1,High
jute,2472.9,High
maize,2472.9,Medium
rice,2472.9,High
jute,743.4,Medium
maize,743.4,Medium
maize,743.4,Medium
rice,743.4,High
rice,743.4,High
banana,1402.7,High
jute,1402.7,High
maize,1402.7,Medium
maize,1402.7,High
maize,1402.7,High
rice,1402.7,Medium
rice,1402.7,High
banana,458.9,High
maize,458.9,Medium
rice,458.9,Medium
maize,344.0,Medium
rice,344.0,High
maize,1144.9,High
rice,1144.9,Medium
banana,1203.8,High
maize,1203.8,High
maize,1203.8,High
maize,1203.8,High
rice,1203.8,High
rice,1203.8,High
rice,1203.8,High
maize,1222.9,Medium
rice,1222.9,Medium
maize,1166.5,Medium
maize,1166.5,Medium
maize,1166.5,Medium
rice,1166.5,Medium
rice,1166.5,High
jute,1782.2,Medium
maize,1782.2,Medium
rice,1782.2,Medium
jute,1484.3,High
maize,1484.3,Medium
maize,1484.3,Medium
rice,1484.3,Medium
rice,1484.3,High
rice,1484.3,Medium
maize,364.4,High
rice,364.4,High
banana,922.8,High
maize,922.8,High
rice,922.8,High
jute,883.4,Low
maize,883.4,Medium
maize,883.4,Medium
rice,883.4,High
rice,883.4,High
banana,1207.0,High
jute,1207.0,High
maize,1207.0,High
maize,1207.0,High
maize,1207.0,High
rice,1207.0,Medium
rice,1207.0,Medium
rice,1207.0,Medium
maize,896.4,Medium
rice,896.4,Low
banana,379.7,High
maize,379.7,Medium
rice,379.7,Medium
rice,379.7,High
maize,383.7,Medium
rice,383.7,High
maize,1068.4,High
rice,1068.4,Medium
maize,723.3,Medium
rice,723.3,Low
maize,1057.8,Medium
maize,1057.8,Medium
rice,1057.8,Medium
rice,1057.8,High
maize,2834.3,High
maize,2834.3,Medium
rice,2834.3,High
jute,1631.8,Medium
maize,1631.8,Medium
rice,1631.8,Medium
rice,1631.8,High
jute,1066.0,High
maize,1066.0,Medium
rice,1066.0,Medium
rice,1066.0,High
rice,1066.0,Medium
maize,405.3,High
rice,405.3,High
banana,971.1,High
maize,971.1,Medium
rice,971.1,High
jute,874.4,Medium
maize,874.4,Medium
maize,874.4,Medium
rice,874.4,High
rice,874.4,High
maize,1413.4,Medium
maize,1413.4,Medium
rice,1413.4,Medium
rice,1413.4,High
banana,1247.0,High
jute,1247.0,High
maize,1247.0,High
maize,1247.0,High
maize,1247.0,High
rice,1247.0,Medium
rice,1247.0,High
rice,1247.0,Medium
maize,1550.0,Medium
rice,1550.0,Medium
banana,666.5,High
maize,666.5,High
rice,666.5,Medium
rice,666.5,High
maize,483.8,Medium
rice,483.8,High
maize,918.1,High
rice,918.1,Medium
banana,955.0,High
maize,955.0,High
rice,955.0,Medium
maize,1035.8,High
maize,1035.8,High
maize,1035.8,Medium
rice,1035.8,Medium
rice,1035.8,High
maize,2406.4,High
maize,2406.4,Medium
rice,2406.4,High
jute,1532.0,Medium
maize,1532.0,High
rice,1532.0,Medium
rice,1532.0,High
jute,1672.5,High
maize,1672.5,Low
rice,1672.5,Medium
maize,479.3,High
rice,479.3,High
rice,481.3,High
maize,849.9,Medium
maize,849.9,Medium
rice,849.9,High
rice,849.9,High
maize,1541.3,Medium
maize,1541.3,Medium
rice,1541.3,Medium
rice,1541.3,High
banana,1105.8,High
jute,1105.8,High
maize,1105.8,High
maize,1105.8,High
maize,1105.8,High
rice,1105.8,Medium
rice,1105.8,Medium
rice,1105.8,Medium
maize,1001.4,Medium
rice,1001.4,Low
maize,458.4,High
rice,458.4,Medium
rice,458.4,High
banana,353.9,Low
maize,353.9,Low
rice,353.9,High
maize,890.8,Medium
rice,890.8,Medium
banana,860.8,High
maize,860.8,High
maize,860.8,High
maize,860.8,High
rice,860.8,High
rice,860.8,High
rice,860.8,High
banana,800.8,High
maize,800.8,Medium
rice,800.8,Low
maize,967.4,High
maize,967.4,Medium
maize,967.4,Medium
rice,967.4,Medium
rice,967.4,High
banana,4355.3,High
jute,4355.3,High
maize,4355.3,Medium
rice,4355.3,High
maize,2627.0,High
maize,2627.0,High
rice,2627.0,High
jute,1536.6,High
maize,1536.6,High
rice,1536.6,Medium
jute,1102.8,High
maize,1102.8,Medium
rice,1102.8,Medium
maize,301.8,High
rice,301.8,High
maize,1610.3,Medium
maize,1610.3,Medium
rice,1610.3,Medium
rice,1610.3,High
maize,1041.2,Medium
rice,1041.2,Medium
rice,1041.2,Medium
banana,1353.9,High
jute,1353.9,High
maize,1353.9,High
maize,1353.9,High
maize,1353.9,High
rice,1353.9,Medium
rice,1353.9,Medium
rice,1353.9,Medium
rice,1353.9,Medium
maize,1643.7,Medium
rice,1643.7,Medium
maize,962.3,High
rice,962.3,High
banana,902.5,High
maize,902.5,High
rice,902.5,High
rice,902.5,High
banana,592.3,Low
maize,592.3,Medium
rice,592.3,High
maize,1258.3,Medium
rice,1258.3,Medium
rice,1258.3,Medium
banana,1163.0,High
maize,1163.0,High
rice,1163.0,Medium
banana,1037.4,High
maize,1037.4,High
maize,1037.4,High
rice,1037.4,Medium
rice,1037.4,High
banana,687.7,High
maize,687.7,High
rice,687.7,High
maize,2499.5,High
maize,2499.5,High
rice,2499.5,High
jute,1709.8,High
maize,1709.8,High
maize,1709.8,High
rice,1709.8,Medium
rice,1709.8,High
jute,1648.2,High
maize,1648.2,Medium
maize,1648.2,Medium
rice,1648.2,Medium
maize,451.7,High
rice,451.7,High
maize,1075.6,Medium
maize,1075.6,Medium
maize,1075.6,Medium
rice,1075.6,High
rice,1075.6,High
maize,1734.3,Medium
maize,1734.3,Medium
rice,1734.3,Medium
rice,1734.3,High
banana,781.8,High
maize,781.8,High
maize,781.8,High
rice,781.8,High
rice,781.8,High
jute,2536.9,High
rice,2536.9,Medium
rice,2536.9,High
rice,2536.9,Medium
banana,1147.8,High
jute,1147.8,High
maize,1147.8,Medium
maize,1147.8,High
maize,1147.8,High
rice,1147.8,Medium
rice,1147.8,Medium
rice,1147.8,Low
maize,1122.8,Medium
rice,1122.8,Medium
maize,651.9,Medium
rice,651.9,High
banana,719.8,High
maize,719.8,Medium
rice,719.8,High
rice,719.8,High
maize,484.6,Medium
rice,484.6,High
maize,895.7,Medium
rice,895.7,Medium
maize,1052.0,Medium
maize,1052.0,High
maize,1052.0,Medium
rice,1052.0,Medium
rice,1052.0,High
jute,1711.5,High
maize,1711.5,High
maize,1711.5,High
rice,1711.5,Medium
rice,1711.5,High
maize,366.4,High
rice,366.4,High
jute,2706.3,High
maize,2706.3,Medium
rice,2706.3,High
maize,1219.6,Medium
maize,1219.6,High
rice,1219.6,Medium
rice,1219.6,High
maize,1149.2,Medium
rice,1149.2,Low
rice,1149.2,Medium
jute,1612.9,High
maize,1612.9,High
rice,1612.9,High
rice,1612.9,High
rice,1612.9,High
banana,907.8,High
jute,907.8,High
maize,907.8,Medium
maize,907.8,High
maize,907.8,High
rice,907.8,Medium
rice,907.8,Medium
rice,907.8,Medium
maize,1292.7,Medium
rice,1292.7,Medium
maize,653.1,High
rice,653.1,High
banana,942.4,High
maize,942.4,Medium
rice,942.4,High
rice,942.4,High
maize,516.9,Low
rice,516.9,High
maize,1248.1,High
rice,1248.1,Medium
maize,1032.7,Medium
rice,1032.7,Medium
maize,1387.2,High
maize,1387.2,High
maize,1387.2,Medium
rice,1387.2,Medium
rice,1387.2,High
maize,2075.4,High
maize,2075.4,High
rice,2075.4,High
jute,1568.6,High
maize,1568.6,High
maize,1568.6,High
rice,1568.6,Medium
rice,1568.6,High
maize,566.7,High
rice,566.7,High
jute,1765.9,High
maize,1765.9,Medium
rice,1765.9,High
maize,1353.3,Medium
maize,1353.3,High
rice,1353.3,Medium
rice,1353.3,High
maize,965.2,Medium
rice,965.2,Low
rice,965.2,Low
jute,1052.8,High
maize,1052.8,Medium
maize,1052.8,High
maize,1052.8,High
rice,1052.8,Medium
rice,1052.8,Medium
rice,1052.8,Medium
jute,1317.2,Low
maize,1317.2,Medium
rice,1317.2,Medium
maize,462.7,High
rice,462.7,High
banana,1056.2,High
maize,1056.2,Low
rice,1056.2,Medium
rice,1056.2,High
maize,329.3,Low
rice,329.3,High
maize,1207.0,High
rice,1207.0,High
banana,1072.3,High
jute,1072.3,High
maize,1072.3,Medium
rice,1072.3,Medium
maize,1439.4,Medium
maize,1439.4,High
maize,1439.4,Medium
rice,1439.4,Medium
rice,1439.4,High
jute,1362.5,High
maize,1362.5,High
maize,1362.5,High
rice,1362.5,Medium
rice,1362.5,Medium
maize,569.6,High
rice,569.6,High
jute,1764.3,High
maize,1764.3,Medium
rice,1764.3,High
banana,590.5,High
maize,590.5,Medium
maize,590.5,High
maize,590.5,Medium
rice,590.5,High
rice,590.5,High
maize,1178.9,Medium
maize,1178.9,Medium
rice,1178.9,Medium
rice,1178.9,High
maize,1465.1,Medium
rice,1465.1,Medium
rice,1465.1,Medium
maize,1004.2,High
maize,1004.2,High
rice,1004.2,High
rice,1004.2,High
banana,1600.2,High
jute,1600.2,High
maize,1600.2,Medium
maize,1600.2,High
maize,1600.2,High
rice,1600.2,Low
rice,1600.2,Medium
rice,1600.2,Medium
maize,1246.2,Medium
rice,1246.2,Medium
banana,1021.6,High
maize,1021.6,Medium
rice,1021.6,High
rice,1021.6,High
maize,443.8,Medium
rice,443.8,High
maize,1095.4,High
rice,1095.4,High
banana,740.4,High
maize,740.4,Medium
rice,740.4,Medium
maize,1257.2,High
maize,1257.2,High
maize,1257.2,Medium
rice,1257.2,Medium
rice,1257.2,High
jute,4702.0,High
maize,4702.0,Medium
rice,4702.0,Medium
rice,4702.0,High
rice,4702.0,High
jute,1769.0,Medium
maize,1769.0,High
maize,1769.0,High
rice,1769.0,High
rice,1769.0,Medium
maize,527.2,High
rice,527.2,High
jute,2831.8,High
maize,2831.8,Medium
rice,2831.8,High
maize,672.9,Medium
maize,672.9,High
maize,672.9,Medium
rice,672.9,High
rice,672.9,High
maize,1924.3,Medium
maize,1924.3,Medium
rice,1924.3,High
rice,1924.3,High
maize,1444.7,Medium
rice,1444.7,Medium
rice,1444.7,Medium
jute,1197.7,High
maize,1197.7,Medium
maize,1197.7,High
maize,1197.7,High
rice,1197.7,Medium
rice,1197.7,Medium
rice,1197.7,Medium
maize,1117.9,Medium
rice,1117.9,Medium
banana,746.1,High
maize,746.1,Medium
rice,746.1,Medium
rice,746.1,High
maize,715.6,Medium
rice,715.6,High
maize,1357.1,High
rice,1357.1,Medium
banana,895.0,High
maize,895.0,Medium
rice,895.0,Medium
maize,1052.8,High
maize,1052.8,High
maize,1052.8,Medium
rice,1052.8,Medium
rice,1052.8,High
banana,1134.8,High
maize,1134.8,High
maize,1134.8,Medium
rice,1134.8,High
jute,1540.9,High
maize,1540.9,High
maize,1540.9,High
rice,1540.9,High
maize,691.3,High
rice,691.3,High
jute,1827.8,High
maize,1827.8,Medium
rice,1827.8,High
banana,891.6,High
maize,891.6,Medium
maize,891.6,High
maize,891.6,Medium
rice,891.6,High
rice,891.6,High
maize,1363.7,Medium
maize,1363.7,Medium
rice,1363.7,Medium
rice,1363.7,High
maize,1295.2,Medium
rice,1295.2,Medium
rice,1295.2,Medium
jute,889.3,High
maize,889.3,High
maize,889.3,High
maize,889.3,High
rice,889.3,Medium
rice,889.3,Medium
rice,889.3,Medium
jute,956.9,Low
maize,956.9,Medium
rice,956.9,Medium
banana,618.0,High
maize,618.0,Medium
rice,618.0,High
rice,618.0,High
maize,393.0,Medium
rice,393.0,High
maize,969.9,High
rice,969.9,Medium
maize,1002.4,High
maize,1002.4,High
maize,1002.4,Medium
rice,1002.4,Medium
rice,1002.4,High
banana,992.5,High
maize,992.5,High
maize,992.5,High
rice,992.5,High
jute,1225.9,Medium
maize,1225.9,Medium
maize,1225.9,Medium
rice,1225.9,Medium
maize,371.3,High
rice,371.3,High
jute,2004.2,High
maize,2004.2,Medium
rice,2004.2,High
banana,585.8,High
maize,585.8,Medium
maize,585.8,High
maize,585.8,Medium
rice,585.8,High
rice,585.8,High
maize,847.8,Medium
maize,847.8,Medium
rice,847.8,Medium
rice,847.8,High
maize,996.1,Medium
rice,996.1,Low
rice,996.1,Low
jute,1317.2,High
maize,1317.2,High
maize,1317.2,High
maize,1317.2,High
rice,1317.2,High
rice,1317.2,High
rice,1317.2,High
banana,904.1,High
maize,904.1,Medium
rice,904.1,Medium
jute,629.2,High
maize,629.2,High
maize,629.2,High
maize,629.2,High
rice,629.2,Medium
rice,629.2,High
rice,629.2,Medium
jute,1283.1,Low
maize,1283.1,High
rice,1283.1,High
banana,1107.5,High
maize,1107.5,High
maize,1107.5,High
maize,1107.5,High
rice,1107.5,High
rice,1107.5,High
maize,639.2,Medium
rice,639.2,High
maize,1319.8,High
rice,1319.8,Medium
banana,856.3,High
maize,856.3,Medium
rice,856.3,Medium
maize,1389.0,High
maize,1389.0,High
maize,1389.0,Medium
rice,1389.0,Medium
rice,1389.0,High
banana,2160.5,High
maize,2160.5,High
maize,2160.5,High
rice,2160.5,High
maize,2738.7,Medium
maize,2738.7,High
rice,2738.7,Medium
rice,2738.7,Medium
rice,2738.7,Medium
jute,1771.8,High
maize,1771.8,High
maize,1771.8,High
rice,1771.8,High
rice,1771.8,High
maize,392.7,High
rice,392.7,High
maize,1095.2,High
rice,1095.2,High
jute,2348.3,High
maize,2348.3,Medium
rice,2348.3,High
maize,742.6,Medium
maize,742.6,High
maize,742.6,Medium
rice,742.6,High
rice,742.6,High
maize,1419.0,Medium
maize,1419.0,High
rice,1419.0,Medium
rice,1419.0,High
maize,1352.0,Medium
rice,1352.0,High
jute,1096.0,High
maize,1096.0,High
maize,1096.0,High
maize,1096.0,High
rice,1096.0,High
rice,1096.0,High
rice,1096.0,High
jute,1097.1,High
maize,1097.1,High
maize,1097.1,High
maize,1097.1,High
rice,1097.1,Medium
rice,1097.1,High
rice,1097.1,High
jute,1302.7,Low
maize,1302.7,Medium
rice,1302.7,Medium
banana,890.5,High
maize,890.5,Medium
maize,890.5,High
maize,890.5,High
rice,890.5,High
rice,890.5,High
jute,471.5409091,Low
maize,471.5409091,Medium
rice,471.5409091,High
maize,1108.3,High
rice,1108.3,Medium
banana,852.6,High
maize,852.6,Medium
rice,852.6,Medium
maize,1174.095455,High
maize,1174.095455,High
maize,1174.095455,Medium
rice,1174.095455,Medium
rice,1174.095455,High
banana,1533.561905,High
maize,1533.561905,High
maize,1533.561905,High
rice,1533.561905,High
maize,2439.340909,Medium
maize,2439.340909,Medium
rice,2439.340909,Medium
rice,2439.340909,High
rice,2439.340909,High
jute,1544.354545,High
maize,1544.354545,High
maize,1544.354545,High
rice,1544.354545,High
rice,1544.354545,High
maize,705.2,High
rice,705.2,High
jute,2295.609091,High
maize,2295.609091,Medium
rice,2295.609091,High
banana,777.4,High
maize,777.4,Medium
maize,777.4,High
maize,777.4,High
rice,777.4,High
rice,777.4,High
maize,1564.7,Medium
maize,1564.7,High
rice,1564.7,High
rice,1564.7,High
maize,1374.7,Medium
rice,1374.7,Medium
rice,1374.7,Medium
jute,1686.5,High
maize,1686.5,High
maize,1686.5,High
maize,1686.5,High
rice,1686.5,High
rice,1686.5,High
rice,1686.5,High
jute,924.1,High
maize,924.1,High
maize,924.1,High
maize,924.1,High
rice,924.1,High
rice,924.1,High
rice,924.1,High
jute,1366.8,Low
maize,1366.8,High
rice,1366.8,High
banana,460.6,High
maize,460.6,High
maize,460.6,High
maize,460.6,High
rice,460.6,High
rice,460.6,High
maize,307.9,Medium
rice,307.9,High
maize,1035.0,High
rice,1035.0,Medium
banana,1049.5,High
maize,1049.5,High
rice,1049.5,Medium
maize,1003.4,High
maize,1003.4,High
maize,1003.4,Medium
rice,1003.4,Medium
rice,1003.4,High
banana,1176.7,High
maize,1176.7,High
maize,1176.7,High
rice,1176.7,High
maize,2050.2,Medium
maize,2050.2,High
rice,2050.2,Medium
rice,2050.2,High
rice,2050.2,High
jute,1296.6,High
maize,1296.6,High
maize,1296.6,High
rice,1296.6,High
rice,1296.6,High
maize,338.9,High
rice,338.9,High
maize,706.8,High
rice,706.8,High
jute,1882.2,High
maize,1882.2,Medium
rice,1882.2,High
banana,746.3,High
maize,746.3,High
maize,746.3,High
maize,746.3,High
rice,746.3,High
rice,746.3,High
maize,1309.8,Medium
maize,1309.8,Medium
rice,1309.8,High
rice,1309.8,High
maize,1102.0,Medium
rice,1102.0,Medium
rice,1102.0,Medium
jute,1566.0,High
maize,1566.0,High
maize,1566.0,High
maize,1566.0,High
rice,1566.0,High
rice,1566.0,High
rice,1566.0,High
jute,1069.9,High
maize,1069.9,High
maize,1069.9,High
maize,1069.9,High
rice,1069.9,Medium
rice,1069.9,High
rice,1069.9,High
jute,1418.3,Low
maize,1418.3,High
maize,1418.3,High
maize,1418.3,High
rice,1418.3,High
banana,1006.5,High
maize,1006.5,Medium
maize,1006.5,High
maize,1006.5,High
rice,1006.5,High
rice,1006.5,High
maize,452.2,High
rice,452.2,High
maize,1216.9,High
rice,1216.9,Medium
banana,1451.4,High
jute,1451.4,Low
maize,1451.4,Medium
rice,1451.4,Medium
maize,1409.8,High
maize,1409.8,High
maize,1409.8,Medium
rice,1409.8,Medium
rice,1409.8,High
banana,1428.8,High
maize,1428.8,High
maize,1428.8,High
rice,1428.8,High
maize,1848.8,Medium
maize,1848.8,Medium
rice,1848.8,Medium
rice,1848.8,High
rice,1848.8,High
jute,1350.9,High
maize,1350.9,High
maize,1350.9,High
rice,1350.9,High
rice,1350.9,High
maize,586.6,High
rice,586.6,High
banana,1348.7,High
maize,1348.7,High
maize,1348.7,High
rice,1348.7,High
rice,1348.7,High
jute,2043.5,High
maize,2043.5,Medium
rice,2043.5,High
banana,995.2,High
maize,995.2,High
maize,995.2,High
maize,995.2,High
rice,995.2,High
rice,995.2,High
maize,1735.4,Medium
maize,1735.4,High
rice,1735.4,High
rice,1735.4,High
maize,1253.6,Medium
rice,1253.6,Medium
rice,1253.6,Medium
jute,1939.9,High
maize,1939.9,High
maize,1939.9,High
maize,1939.9,High
rice,1939.9,High
rice,1939.9,High
rice,1939.9,High
jute,1061.0,High
maize,1061.0,High
maize,1061.0,High
maize,1061.0,High
rice,1061.0,High
rice,1061.0,High
rice,1061.0,High
jute,1274.7,Low
maize,1274.7,High
rice,1274.7,High
banana,605.6,High
maize,605.6,Medium
maize,605.6,High
maize,605.6,High
rice,605.6,High
rice,605.6,High
maize,301.3,High
rice,301.3,High
maize,1019.9,High
rice,1019.9,High
maize,891.2,High
rice,891.2,High
maize,1001.6,High
maize,1001.6,High
maize,1001.6,Medium
rice,1001.6,Medium
rice,1001.6,High
banana,987.5,High
maize,987.5,High
maize,987.5,High
rice,987.5,High
maize,2029.9,Medium
maize,2029.9,High
rice,2029.9,Medium
rice,2029.9,High
rice,2029.9,High
jute,1333.3,High
maize,1333.3,High
maize,1333.3,High
rice,1333.3,High
rice,1333.3,High
maize,382.7,High
rice,382.7,High
banana,746.4,High
maize,746.4,High
maize,746.4,High
rice,746.4,High
rice,746.4,High
jute,2015.7,High
maize,2015.7,Medium
rice,2015.7,High
banana,616.4,High
maize,616.4,High
maize,616.4,High
maize,616.4,High
rice,616.4,High
rice,616.4,High
maize,1287.4,High
maize,1287.4,High
rice,1287.4,High
rice,1287.4,High
maize,1156.6,High
rice,1156.6,Medium
rice,1156.6,Medium
jute,1483.5,High
maize,1483.5,High
maize,1483.5,High
maize,1483.5,High
rice,1483.5,High
rice,1483.5,High
rice,1483.5,High
jute,874.0,High
maize,874.0,High
maize,874.0,High
maize,874.0,High
rice,874.0,Medium
rice,874.0,High
rice,874.0,High
jute,1136.0,Low
maize,1136.0,High
rice,1136.0,Medium
banana,584.3,High
maize,584.3,Medium
maize,584.3,High
maize,584.3,High
rice,584.3,High
rice,584.3,High
maize,426.8,High
rice,426.8,High
maize,1223.2,High
rice,1223.2,Medium
banana,1000.7,High
jute,1000.7,Medium
maize,1000.7,High
rice,1000.7,High
maize,875.7,Medium
maize,875.7,Medium
maize,875.7,Medium
rice,875.7,Medium
rice,875.7,High
banana,1329.1,High
maize,1329.1,High
maize,1329.1,High
rice,1329.1,High
maize,2310.8,High
maize,2310.8,High
rice,2310.8,Medium
rice,2310.8,High
rice,2310.8,High
jute,1308.3,High
maize,1308.3,High
maize,1308.3,High
rice,1308.3,High
rice,1308.3,High
maize,512.6,High
rice,512.6,High
banana,747.9,High
maize,747.9,High
maize,747.9,High
rice,747.9,High
rice,747.9,High
jute,2334.4,High
maize,2334.4,Medium
maize,2334.4,Medium
rice,2334.4,High
rice,2334.4,High
banana,596.7,High
maize,596.7,Medium
maize,596.7,High
maize,596.7,High
rice,596.7,High
rice,596.7,High
maize,1247.6,Medium
maize,1247.6,Medium
rice,1247.6,High
rice,1247.6,High
maize,1085.6,Medium
rice,1085.6,Low
rice,1085.6,Low
jute,1717.0,High
maize,1717.0,High
maize,1717.0,High
maize,1717.0,High
rice,1717.0,High
rice,1717.0,High
rice,1717.0,High
maize,2933.7,Medium
rice,2933.7,Medium
jute,1205.6,High
maize,1205.6,High
maize,1205.6,High
maize,1205.6,High
rice,1205.6,High
rice,1205.6,High
rice,1205.6,High
jute,1298.9,Low
maize,1298.9,High
rice,1298.9,High
banana,710.5,High
maize,710.5,High
maize,710.5,High
maize,710.5,High
rice,710.5,High
rice,710.5,High
maize,554.7,High
rice,554.7,High
maize,1373.9,High
rice,1373.9,Medium
banana,1048.4,High
jute,1048.4,Medium
maize,1048.4,High
rice,1048.4,High
maize,1151.1,High
maize,1151.1,High
maize,1151.1,High
rice,1151.1,High
rice,1151.1,High
banana,2039.8,High
maize,2039.8,High
maize,2039.8,High
rice,2039.8,High
maize,2626.8,High
maize,2626.8,High
rice,2626.8,Medium
rice,2626.8,High
rice,2626.8,High
jute,1959.8,High
maize,1959.8,High
maize,1959.8,High
rice,1959.8,High
rice,1959.8,High
maize,635.9,High
rice,635.9,High
banana,942.6,High
maize,942.6,High
maize,942.6,High
rice,942.6,High
rice,942.6,High
jute,2475.3,High
maize,2475.3,Medium
maize,2475.3,Medium
rice,2475.3,High
rice,2475.3,Medium
rice,2475.3,High
rice,2475.3,High
banana,965.3,High
maize,965.3,High
maize,965.3,High
maize,965.3,High
rice,965.3,High
rice,965.3,High
maize,1580.9,Medium
maize,1580.9,High
rice,1580.9,High
rice,1580.9,High
maize,1296.3,High
rice,1296.3,Medium
rice,1296.3,High
jute,1795.8,High
maize,1795.8,High
maize,1795.8,High
maize,1795.8,High
rice,1795.8,High
rice,1795.8,High
rice,1795.8,High
maize,2745.5,Medium
rice,2745.5,High
jute,1112.0,High
maize,1112.0,High
maize,1112.0,High
maize,1112.0,High
rice,1112.0,High
rice,1112.0,High
rice,1112.0,High
jute,1124.5,Low
maize,1124.5,High
rice,1124.5,Medium
banana,814.8,High
maize,814.8,High
maize,814.8,High
maize,814.8,High
rice,814.8,High
rice,814.8,High
maize,417.1,High
rice,417.1,High
maize,1182.2,High
rice,1182.2,Medium
maize,1165.7,High
maize,1165.7,High
rice,1165.7,High
banana,800.0,High
jute,800.0,Medium
maize,800.0,High
maize,800.0,High
rice,800.0,High
rice,800.0,High
maize,1129.5,High
maize,1129.5,High
maize,1129.5,Medium
rice,1129.5,Medium
rice,1129.5,High
banana,1780.0,High
maize,1780.0,High
maize,1780.0,High
rice,1780.0,High
maize,3865.8,High
maize,3865.8,Medium
rice,3865.8,Medium
rice,3865.8,High
rice,3865.8,High
jute,1722.1,High
maize,1722.1,High
maize,1722.1,High
rice,1722.1,High
rice,1722.1,High
maize,497.5,High
rice,497.5,High
banana,815.7,High
maize,815.7,High
maize,815.7,High
rice,815.7,High
rice,815.7,High
jute,3326.8,High
maize,3326.8,Medium
maize,3326.8,Medium
rice,3326.8,High
rice,3326.8,Medium
rice,3326.8,High
rice,3326.8,High
banana,652.1,High
maize,652.1,High
maize,652.1,High
maize,652.1,High
rice,652.1,High
rice,652.1,High
maize,1475.8,High
maize,1475.8,Medium
rice,1475.8,High
rice,1475.8,High
jute,1830.0,High
maize,1830.0,High
maize,1830.0,High
maize,1830.0,High
rice,1830.0,High
rice,1830.0,High
rice,1830.0,High
maize,2992.9,Medium
rice,2992.9,High
jute,1521.4,High
maize,1521.4,High
maize,1521.4,High
maize,1521.4,High
rice,1521.4,Medium
rice,1521.4,High
rice,1521.4,High
jute,1515.5,Low
maize,1515.5,High
rice,1515.5,Medium
banana,1125.4,High
maize,1125.4,High
maize,1125.4,High
maize,1125.4,High
rice,1125.4,High
rice,1125.4,High
maize,533.2,High
rice,533.2,High
maize,1052.2,High
rice,1052.2,Medium
maize,1222.7,High
maize,1222.7,High
rice,1222.7,High
banana,1102.2,High
jute,1102.2,Low
maize,1102.2,High
rice,1102.2,Medium
maize,1387.4,Medium
maize,1387.4,Medium
maize,1387.4,Medium
rice,1387.4,Medium
rice,1387.4,High
banana,1196.9,High
maize,1196.9,High
maize,1196.9,High
rice,1196.9,High
maize,1665.2,High
maize,1665.2,Medium
rice,1665.2,Medium
rice,1665.2,High
rice,1665.2,High
jute,1372.7,High
maize,1372.7,High
maize,1372.7,High
rice,1372.7,High
rice,1372.7,High
maize,585.5,High
rice,585.5,High
banana,1350.3,High
maize,1350.3,High
maize,1350.3,High
rice,1350.3,High
rice,1350.3,High
jute,2169.1,High
maize,2169.1,Medium
maize,2169.1,High
rice,2169.1,High
rice,2169.1,Medium
rice,2169.1,High
rice,2169.1,High
banana,792.8,High
maize,792.8,High
maize,792.8,High
maize,792.8,High
rice,792.8,High
rice,792.8,High
maize,1373.0,High
maize,1373.0,Medium
rice,1373.0,High
rice,1373.0,High
jute,2012.6,High
maize,2012.6,High
maize,2012.6,High
maize,2012.6,High
rice,2012.6,High
rice,2012.6,High
rice,2012.6,High
maize,2433.3,High
rice,2433.3,High
jute,1194.7,High
maize,1194.7,High
maize,1194.7,High
maize,1194.7,High
rice,1194.7,High
rice,1194.7,High
rice,1194.7,High
jute,1420.3,Low
maize,1420.3,High
rice,1420.3,High
banana,1067.8,High
maize,1067.8,Medium
maize,1067.8,High
maize,1067.8,High
rice,1067.8,High
rice,1067.8,High
maize,351.8,High
rice,351.8,High
maize,1217.7,High
rice,1217.7,Medium
maize,1137.8,High
maize,1137.8,High
rice,1137.8,High
banana,1446.7,High
jute,1446.7,High
maize,1446.7,High
maize,1446.7,High
rice,1446.7,High
rice,1446.7,Medium
maize,1555.8,Medium
maize,1555.8,High
maize,1555.8,High
rice,1555.8,Medium
rice,1555.8,High
maize,2178.5,High
maize,2178.5,Medium
rice,2178.5,Medium
rice,2178.5,High
rice,2178.5,High
jute,1593.0,High
maize,1593.0,High
maize,1593.0,High
rice,1593.0,High
rice,1593.0,High
jute,1593.9,High
maize,1593.9,High
maize,1593.9,High
maize,1593.9,High
rice,1593.9,High
rice,1593.9,High
rice,1593.9,High
maize,653.2,High
rice,653.2,High
banana,1031.7,High
maize,1031.7,High
maize,1031.7,High
rice,1031.7,High
rice,1031.7,High
jute,2252.8,High
maize,2252.8,Medium
maize,2252.8,High
rice,2252.8,High
rice,2252.8,Medium
rice,2252.8,High
rice,2252.8,High
banana,814.5,High
maize,814.5,High
maize,814.5,High
maize,814.5,High
rice,814.5,High
rice,814.5,High
maize,1378.9,High
maize,1378.9,High
rice,1378.9,High
rice,1378.9,High
jute,1733.4,High
maize,1733.4,High
maize,1733.4,High
maize,1733.4,High
rice,1733.4,High
rice,1733.4,High
rice,1733.4,High
maize,1313.947826,High
maize,1313.947826,High
rice,1313.947826,High
rice,1313.947826,High
maize,661.2,High
rice,661.2,High
maize,1398.5,Medium
rice,1398.5,Medium
rice,1398.5,Medium
maize,784.5,Medium
rice,784.5,Medium
maize,650.4,High
maize,650.4,High
rice,650.4,High
rice,650.4,High
maize,365.9,Low
rice,365.9,High
maize,667.1,Medium
rice,667.1,Medium
maize,544.3,Medium
rice,544.3,High
maize,989.5,Medium
rice,989.5,Medium
maize,611.9,High
rice,611.9,High
maize,953.8,Medium
rice,953.8,Medium
maize,593.6,High
rice,593.6,High
maize,933.2,Medium
rice,933.2,High
banana,1434.5875,High
rice,1434.5875,High
maize,664.0,Medium
maize,664.0,Medium
rice,664.0,High
rice,664.0,High
maize,1112.6,High
rice,1112.6,Medium
maize,1430.3,Medium
rice,1430.3,High
maize,939.2,High
rice,939.2,Medium
maize,1032.1,Medium
rice,1032.1,High
jute,1290.4,High
maize,1290.4,Medium
maize,1290.4,Medium
maize,1290.4,Medium
rice,1290.4,Medium
rice,1290.4,High
rice,1290.4,Medium
banana,704.0,High
maize,704.0,Medium
maize,704.0,High
rice,704.0,High
maize,1721.8,Medium
rice,1721.8,High
banana,751.9,High
maize,751.9,Medium
rice,751.9,High
maize,1786.5,Medium
rice,1786.5,High
maize,677.5,High
rice,677.5,High
maize,1042.2,Medium
rice,1042.2,High
maize,614.6,High
rice,614.6,High
maize,528.4,High
rice,528.4,High
maize,751.7,Medium
rice,751.7,High
maize,989.5,High
rice,989.5,High
maize,641.3954545,High
rice,641.3954545,High
maize,887.6,Medium
rice,887.6,High
maize,451.9,High
rice,451.9,High
maize,1116.7,Medium
rice,1116.7,High
banana,1098.3,High
rice,1098.3,High
rice,1098.3,High
rice,1098.3,High
maize,706.8,High
rice,706.8,High
banana,1083.2,High
rice,1083.2,High
rice,1083.2,High
rice,1083.2,High
maize,416.4,High
rice,416.4,High
maize,1278.4,Medium
rice,1278.4,Medium
banana,1330.0,High
rice,1330.0,High
rice,1330.0,High
rice,1330.0,High
maize,757.7,High
rice,757.7,High
maize,1572.6,Medium
rice,1572.6,High
maize,747.1,High
rice,747.1,High
maize,902.8,Medium
rice,902.8,High
maize,533.7,High
rice,533.7,High
maize,1279.1,Medium
rice,1279.1,High
maize,678.5,High
rice,678.5,High
maize,1016.3,High
rice,1016.3,High
maize,546.9,High
rice,546.9,High
maize,1324.1,High
rice,1324.1,High
banana,2053.3,High
maize,2053.3,High
rice,2053.3,High
banana,1855.0,High
banana,1855.0,High
banana,1855.0,High
banana,1855.0,High
jute,1855.0,High
jute,1855.0,High
maize,1855.0,High
rice,1855.0,High
rice,1855.0,High
banana,2092.7,High
jute,2092.7,High
maize,2092.7,High
rice,2092.7,High
banana,1969.7,High
maize,1969.7,High
rice,1969.7,High
banana,2013.1,High
maize,2013.1,High
rice,2013.1,High
banana,1743.7,High
maize,1743.7,High
rice,1743.7,High
banana,1613.3,High
maize,1613.3,High
rice,1613.3,High
banana,1434.5875,High
rice,1434.5875,High
rice,1434.5875,High
rice,1434.5875,High
banana,1585.4,High
maize,1585.4,High
rice,1585.4,High
banana,1434.5875,High
rice,1434.5875,High
rice,1434.5875,High
rice,1434.5875,High
banana,1533.561905,High
banana,1533.561905,High
maize,1533.561905,High
rice,1533.561905,High
banana,1435.7,High
maize,1435.7,High
rice,1435.7,High
maize,2804.1,Medium
maize,2804.1,Medium
rice,2804.1,Medium
maize,3183.8,Medium
rice,3183.8,Medium
maize,2678.5,Medium
rice,2678.5,Medium
maize,2504.8,Medium
rice,2504.8,Medium
maize,2372.5,Medium
maize,2372.5,Low
rice,2372.5,Medium
maize,2496.2,Medium
maize,2496.2,Low
rice,2496.2,Medium
maize,2838.1,Medium
rice,2838.1,Medium
maize,1650.5,Medium
rice,1650.5,High
maize,2041.6,High
rice,2041.6,High
maize,2270.2,Medium
rice,2270.2,High
maize,2003.4,Medium
rice,2003.4,Medium
maize,2247.5,High
rice,2247.5,Medium
maize,2176.6,Medium
rice,2176.6,Medium
maize,2527.0,High
rice,2527.0,Medium
maize,2585.486364,Medium
rice,2585.486364,Medium
maize,3006.9,Medium
rice,3006.9,High
maize,2567.6,High
rice,2567.6,High
maize,2627.0,High
rice,2627.0,High
maize,2949.1,High
rice,2949.1,High
maize,2971.6,High
rice,2971.6,High
maize,2873.6,High
rice,2873.6,High
maize,3350.1,High
rice,3350.1,High
maize,2740.0,High
rice,2740.0,High
rice,2518.0,High
rice,3392.8,High
rice,2928.8,High
rice,3674.7,High
maize,2640.7,High
maize,2640.7,High
rice,2640.7,Medium
rice,2640.7,High
maize,2535.9,High
maize,2535.9,Medium
rice,2535.9,Medium
maize,2147.4,Medium
rice,2147.4,High
maize,2437.5,Medium
rice,2437.5,High
maize,2284.4,Medium
rice,2284.4,High
maize,2579.8,Medium
rice,2579.8,High
maize,2487.9,Medium
rice,2487.9,High
maize,2640.8,High
maize,2640.8,High
rice,2640.8,High
maize,2353.0,High
maize,2353.0,High
rice,2353.0,Low
rice,2353.0,Medium
maize,3095.2,Low
maize,3095.2,Medium
rice,3095.2,Low
rice,3095.2,Medium
maize,1912.1,Medium
maize,1912.1,High
rice,1912.1,Medium
rice,1912.1,High
maize,2086.3,Medium
maize,2086.3,Medium
rice,2086.3,Medium
rice,2086.3,High
maize,3616.7,Medium
rice,3616.7,Medium
maize,2338.6,Medium
rice,2338.6,Medium
maize,2157.7,Medium
rice,2157.7,Medium
maize,2128.5,Medium
rice,2128.5,Medium
maize,2832.8,Medium
rice,2832.8,Medium
maize,2782.2,Medium
rice,2782.2,Medium
maize,2939.5,Medium
rice,2939.5,Medium
maize,2767.0,Medium
rice,2767.0,Medium
maize,1940.0,Medium
rice,1940.0,Medium
maize,3223.9,Medium
rice,3223.9,Medium
maize,2244.4,Medium
rice,2244.4,Medium
maize,1701.9,Medium
rice,1701.9,Medium
maize,2574.1,Medium
rice,2574.1,Medium
maize,2193.7,Medium
rice,2193.7,Medium
maize,2760.7,Medium
rice,2760.7,Medium
maize,2042.9,Medium
rice,2042.9,Medium
maize,2403.2,High
rice,2403.2,Medium
maize,2593.2,High
rice,2593.2,High
rice,3680.3,High
rice,3680.3,High
maize,2274.9,High
rice,2274.9,Medium
jute,1357.1,High
maize,1357.1,Medium
maize,1357.1,Medium
maize,1357.1,Low
rice,1357.1,Medium
rice,1357.1,Medium
rice,1357.1,Medium
jute,1503.4,High
maize,1503.4,Medium
maize,1503.4,Medium
maize,1503.4,Medium
rice,1503.4,Medium
rice,1503.4,High
rice,1503.4,Medium
jute,1716.9,High
maize,1716.9,Medium
maize,1716.9,Medium
maize,1716.9,High
rice,1716.9,Medium
rice,1716.9,High
rice,1716.9,Medium
jute,1633.8,High
maize,1633.8,Medium
maize,1633.8,Medium
maize,1633.8,Medium
rice,1633.8,Medium
rice,1633.8,High
rice,1633.8,High
jute,1539.0,High
maize,1539.0,Medium
maize,1539.0,Medium
maize,1539.0,Medium
rice,1539.0,Medium
rice,1539.0,High
rice,1539.0,Medium
rice,3271.6,High
rice,3271.6,High
jute,1330.3,High
maize,1330.3,Medium
maize,1330.3,Medium
maize,1330.3,Medium
rice,1330.3,Medium
rice,1330.3,High
rice,1330.3,Medium
rice,3334.9,High
rice,3334.9,High
jute,1291.9,High
maize,1291.9,Medium
maize,1291.9,High
maize,1291.9,High
rice,1291.9,Medium
rice,1291.9,High
rice,1291.9,Medium
rice,4193.3,High
rice,4193.3,High
jute,1346.2,High
maize,1346.2,Medium
maize,1346.2,High
maize,1346.2,High
rice,1346.2,Medium
rice,1346.2,High
rice,1346.2,Medium
rice,3340.395455,High
rice,3340.395455,High
jute,1430.2,High
maize,1430.2,Medium
maize,1430.2,High
maize,1430.2,High
rice,1430.2,Medium
rice,1430.2,Low
rice,1430.2,High
rice,3048.9,High
rice,3048.9,High
jute,1632.4,High
maize,1632.4,Medium
maize,1632.4,High
maize,1632.4,High
rice,1632.4,Medium
rice,1632.4,High
rice,1632.4,High
jute,1536.9,Medium
maize,1536.9,Medium
maize,1536.9,High
maize,1536.9,High
rice,1536.9,Medium
rice,1536.9,High
rice,1536.9,High
jute,1210.1,High
maize,1210.1,Medium
maize,1210.1,High
maize,1210.1,High
rice,1210.1,Medium
rice,1210.1,High
rice,1210.1,Medium
jute,1460.5,High
maize,1460.5,High
maize,1460.5,High
maize,1460.5,Medium
rice,1460.5,Medium
rice,1460.5,High
rice,1460.5,High
jute,1344.4,High
maize,1344.4,High
maize,1344.4,High
maize,1344.4,High
rice,1344.4,Medium
rice,1344.4,High
rice,1344.4,High
jute,1635.9,Medium
maize,1635.9,High
maize,1635.9,High
maize,1635.9,High
rice,1635.9,Medium
rice,1635.9,High
rice,1635.9,High
jute,1498.0,Medium
maize,1498.0,Medium
rice,1498.0,Medium
maize,1356.2,Medium
rice,1356.2,Low
